Workbook

Sheet Parameters
B4: Given parameters
A6: P(Delay) | B6: 0.1 | C6: Given
A7: P(On Time) | B7: 0.9 | C7: 1-P(Delay)
A8: P(Complaint | Delay) | B8: 0.7 | C8: Given
A9: P(Complaint | On Time) | B9: 0.2 | C9: last digit = 6, x = 20 → x/100 = 0.20
A11: DERIVED PROBABILITIES (BAYES' RULE)
A12: Parameter | B12: Value | C12: Interpretation
A13: P(Complaint) | B13: =B6*B8+B7*B9 -> 0.25 | C13: Overall probability a customer complains
A14: P(Delay | Complaint) [Bayes] | B14: =B8*B6/B13 -> 0.28 | C14: Theoretical benchmark – what simulation should converge to
A16: BAYES' RULE APPLIED
A17: P(Delay | Complaint) = P(Complaint | Delay) × P(Delay) / P(Complaint)
A18: (0.70 x 0.10) / 0.25 = 0.07 / 0.25 = 0.28
A19: Only 28% of complaints actually come from delayed orders. The simulation should empirically converge to this value as trials increase.

Sheet Sim_100
A1: ZWIGATO DELIVERY SIMULATION – 100 TRIALS
A2: Each row = one simulated order. RAND() < threshold determines Delay/Complaint status. Results recalculate on every workbook open/refresh.
A4: Trial # | B4: Random_1 (Delivery) | C4: Delivery Outcome | D4: Random_2 (Complaint) | E4: Complaint Raised? | F4: Delayed & Complained?
A5: 1 | B5: =RAND() -> 0.35841456 | C5: =IF(B5<Parameters!$B$6,"Delayed","On Time") -> On Time | D5: =RAND() -> 0.041890482 | E5: =IF(C5="Delayed",IF(D5<Parameters!$B$8,1,0),IF(D5<Parameters!$B$9,1,0)) -> 1 | F5: =IF(AND(C5="Delayed",E5=1),1,0) -> 0
A6: 2 | B6: =RAND() -> 0.91790009 | C6: =IF(B6<Parameters!$B$6,"Delayed","On Time") -> On Time | D6: =RAND() -> 0.38714329 | E6: =IF(C6="Delayed",IF(D6<Parameters!$B$8,1,0),IF(D6<Parameters!$B$9,1,0)) -> 0 | F6: =IF(AND(C6="Delayed",E6=1),1,0) -> 0
A7: 3 | B7: =RAND() -> 0.14787467 | C7: =IF(B7<Parameters!$B$6,"Delayed","On Time") -> On Time | D7: =RAND() -> 0.8685266 | E7: =IF(C7="Delayed",IF(D7<Parameters!$B$8,1,0),IF(D7<Parameters!$B$9,1,0)) -> 0 | F7: =IF(AND(C7="Delayed",E7=1),1,0) -> 0
A8: 4 | B8: =RAND() -> 0.33350011 | C8: =IF(B8<Parameters!$B$6,"Delayed","On Time") -> On Time | D8: =RAND() -> 0.40131483 | E8: =IF(C8="Delayed",IF(D8<Parameters!$B$8,1,0),IF(D8<Parameters!$B$9,1,0)) -> 0 | F8: =IF(AND(C8="Delayed",E8=1),1,0) -> 0
A9: 5 | B9: =RAND() -> 0.38404605 | C9: =IF(B9<Parameters!$B$6,"Delayed","On Time") -> On Time | D9: =RAND() -> 0.17785065 | E9: =IF(C9="Delayed",IF(D9<Parameters!$B$8,1,0),IF(D9<Parameters!$B$9,1,0)) -> 1 | F9: =IF(AND(C9="Delayed",E9=1),1,0) -> 0
A10: 6 | B10: =RAND() -> 0.3255559 | C10: =IF(B10<Parameters!$B$6,"Delayed","On Time") -> On Time | D10: =RAND() -> 0.79415617 | E10: =IF(C10="Delayed",IF(D10<Parameters!$B$8,1,0),IF(D10<Parameters!$B$9,1,0)) -> 0 | F10: =IF(AND(C10="Delayed",E10=1),1,0) -> 0
A11: 7 | B11: =RAND() -> 0.12020598 | C11: =IF(B11<Parameters!$B$6,"Delayed","On Time") -> On Time | D11: =RAND() -> 0.78905006 | E11: =IF(C11="Delayed",IF(D11<Parameters!$B$8,1,0),IF(D11<Parameters!$B$9,1,0)) -> 0 | F11: =IF(AND(C11="Delayed",E11=1),1,0) -> 0
A12: 8 | B12: =RAND() -> 0.073048719 | C12: =IF(B12<Parameters!$B$6,"Delayed","On Time") -> Delayed | D12: =RAND() -> 0.55665672 | E12: =IF(C12="Delayed",IF(D12<Parameters!$B$8,1,0),IF(D12<Parameters!$B$9,1,0)) -> 1 | F12: =IF(AND(C12="Delayed",E12=1),1,0) -> 1
A13: 9 | B13: =RAND() -> 0.56258489 | C13: =IF(B13<Parameters!$B$6,"Delayed","On Time") -> On Time | D13: =RAND() -> 0.69133356 | E13: =IF(C13="Delayed",IF(D13<Parameters!$B$8,1,0),IF(D13<Parameters!$B$9,1,0)) -> 0 | F13: =IF(AND(C13="Delayed",E13=1),1,0) -> 0
A14: 10 | B14: =RAND() -> 0.50543564 | C14: =IF(B14<Parameters!$B$6,"Delayed","On Time") -> On Time | D14: =RAND() -> 0.51259052 | E14: =IF(C14="Delayed",IF(D14<Parameters!$B$8,1,0),IF(D14<Parameters!$B$9,1,0)) -> 0 | F14: =IF(AND(C14="Delayed",E14=1),1,0) -> 0
A15: 11 | B15: =RAND() -> 0.83965344 | C15: =IF(B15<Parameters!$B$6,"Delayed","On Time") -> On Time | D15: =RAND() -> 0.56122341 | E15: =IF(C15="Delayed",IF(D15<Parameters!$B$8,1,0),IF(D15<Parameters!$B$9,1,0)) -> 0 | F15: =IF(AND(C15="Delayed",E15=1),1,0) -> 0
A16: 12 | B16: =RAND() -> 0.45944769 | C16: =IF(B16<Parameters!$B$6,"Delayed","On Time") -> On Time | D16: =RAND() -> 0.67214136 | E16: =IF(C16="Delayed",IF(D16<Parameters!$B$8,1,0),IF(D16<Parameters!$B$9,1,0)) -> 0 | F16: =IF(AND(C16="Delayed",E16=1),1,0) -> 0
... A104: 100 | B104: =RAND() -> 0.79289258 | C104: =IF(B104<Parameters!$B$6,"Delayed","On Time") -> On Time | D104: =RAND() -> 0.44307518 | E104: =IF(C104="Delayed",IF(D104<Parameters!$B$8,1,0),IF(D104<Parameters!$B$9,1,0)) -> 0 | F104: =IF(AND(C104="Delayed",E104=1),1,0) -> 0
A107: OBSERVED PROBABILITY ESTIMATES
A108: Metric | D108: Value
A109: Total Trials | D109: =COUNTA(A5:A104) -> 100
A110: Total Delayed | D110: =COUNTIF(C5:C104,"Delayed") -> 11
A111: Total Complaints | D111: =SUM(E5:E104) -> 31
A112: Delayed & Complained | D112: =SUM(F5:F104) -> 10
A113: Observed P(Delay) | D113: =COUNTIF(C5:C104,"Delayed")/COUNTA(A5:A104) -> 0.11
A114: Observed P(Complaint) | D114: =SUM(E5:E104)/COUNTA(A5:A104) -> 0.31
A115: Observed P(Delay | Complaint) | D115: =IFERROR(SUM(F5:F104)/SUM(E5:E104),0) -> 0.32258065
A116: Theoretical P(Delay | Complaint) | D116: =Parameters!$B$14 -> 0.28

Sheet Sim_5000
A1: ZWIGATO DELIVERY SIMULATION – 5,000 TRIALS
A2: Each row = one simulated order. RAND() < threshold determines Delay/Complaint status. Results recalculate on every workbook open/refresh.
A4: Trial # | B4: Random_1 (Delivery) | C4: Delivery Outcome | D4: Random_2 (Complaint) | E4: Complaint Raised? | F4: Delayed & Complained?
A5: 1 | B5: =RAND() -> 0.52957253 | C5: =IF(B5<Parameters!$B$6,"Delayed","On Time") -> On Time | D5: =RAND() -> 0.99183864 | E5: =IF(C5="Delayed",IF(D5<Parameters!$B$8,1,0),IF(D5<Parameters!$B$9,1,0)) -> 0 | F5: =IF(AND(C5="Delayed",E5=1),1,0) -> 0
A6: 2 | B6: =RAND() -> 0.89705561 | C6: =IF(B6<Parameters!$B$6,"Delayed","On Time") -> On Time | D6: =RAND() -> 0.73786864 | E6: =IF(C6="Delayed",IF(D6<Parameters!$B$8,1,0),IF(D6<Parameters!$B$9,1,0)) -> 0 | F6: =IF(AND(C6="Delayed",E6=1),1,0) -> 0
A7: 3 | B7: =RAND() -> 0.18031501 | C7: =IF(B7<Parameters!$B$6,"Delayed","On Time") -> On Time | D7: =RAND() -> 0.75105785 | E7: =IF(C7="Delayed",IF(D7<Parameters!$B$8,1,0),IF(D7<Parameters!$B$9,1,0)) -> 0 | F7: =IF(AND(C7="Delayed",E7=1),1,0) -> 0
A8: 4 | B8: =RAND() -> 0.6889802 | C8: =IF(B8<Parameters!$B$6,"Delayed","On Time") -> On Time | D8: =RAND() -> 0.49501017 | E8: =IF(C8="Delayed",IF(D8<Parameters!$B$8,1,0),IF(D8<Parameters!$B$9,1,0)) -> 0 | F8: =IF(AND(C8="Delayed",E8=1),1,0) -> 0
A9: 5 | B9: =RAND() -> 0.46068509 | C9: =IF(B9<Parameters!$B$6,"Delayed","On Time") -> On Time | D9: =RAND() -> 0.79126122 | E9: =IF(C9="Delayed",IF(D9<Parameters!$B$8,1,0),IF(D9<Parameters!$B$9,1,0)) -> 0 | F9: =IF(AND(C9="Delayed",E9=1),1,0) -> 0
A10: 6 | B10: =RAND() -> 0.33796973 | C10: =IF(B10<Parameters!$B$6,"Delayed","On Time") -> On Time | D10: =RAND() -> 0.13968689 | E10: =IF(C10="Delayed",IF(D10<Parameters!$B$8,1,0),IF(D10<Parameters!$B$9,1,0)) -> 1 | F10: =IF(AND(C10="Delayed",E10=1),1,0) -> 0
A11: 7 | B11: =RAND() -> 0.25867231 | C11: =IF(B11<Parameters!$B$6,"Delayed","On Time") -> On Time | D11: =RAND() -> 0.90114759 | E11: =IF(C11="Delayed",IF(D11<Parameters!$B$8,1,0),IF(D11<Parameters!$B$9,1,0)) -> 0 | F11: =IF(AND(C11="Delayed",E11=1),1,0) -> 0
A12: 8 | B12: =RAND() -> 0.023485281 | C12: =IF(B12<Parameters!$B$6,"Delayed","On Time") -> Delayed | D12: =RAND() -> 0.50086897 | E12: =IF(C12="Delayed",IF(D12<Parameters!$B$8,1,0),IF(D12<Parameters!$B$9,1,0)) -> 1 | F12: =IF(AND(C12="Delayed",E12=1),1,0) -> 1
A13: 9 | B13: =RAND() -> 0.89474646 | C13: =IF(B13<Parameters!$B$6,"Delayed","On Time") -> On Time | D13: =RAND() -> 0.40893327 | E13: =IF(C13="Delayed",IF(D13<Parameters!$B$8,1,0),IF(D13<Parameters!$B$9,1,0)) -> 0 | F13: =IF(AND(C13="Delayed",E13=1),1,0) -> 0
A14: 10 | B14: =RAND() -> 0.28841731 | C14: =IF(B14<Parameters!$B$6,"Delayed","On Time") -> On Time | D14: =RAND() -> 0.08258412 | E14: =IF(C14="Delayed",IF(D14<Parameters!$B$8,1,0),IF(D14<Parameters!$B$9,1,0)) -> 1 | F14: =IF(AND(C14="Delayed",E14=1),1,0) -> 0
A15: 11 | B15: =RAND() -> 0.49036082 | C15: =IF(B15<Parameters!$B$6,"Delayed","On Time") -> On Time | D15: =RAND() -> 0.7566351 | E15: =IF(C15="Delayed",IF(D15<Parameters!$B$8,1,0),IF(D15<Parameters!$B$9,1,0)) -> 0 | F15: =IF(AND(C15="Delayed",E15=1),1,0) -> 0
A16: 12 | B16: =RAND() -> 0.64528666 | C16: =IF(B16<Parameters!$B$6,"Delayed","On Time") -> On Time | D16: =RAND() -> 0.65958716 | E16: =IF(C16="Delayed",IF(D16<Parameters!$B$8,1,0),IF(D16<Parameters!$B$9,1,0)) -> 0 | F16: =IF(AND(C16="Delayed",E16=1),1,0) -> 0
... A5004: 5000 | B5004: =RAND() -> 0.2523204 | C5004: =IF(B5004<Parameters!$B$6,"Delayed","On Time") -> On Time | D5004: =RAND() -> 0.25034737 | E5004: =IF(C5004="Delayed",IF(D5004<Parameters!$B$8,1,0),IF(D5004<Parameters!$B$9,1,0)) -> 0 | F5004: =IF(AND(C5004="Delayed",E5004=1),1,0) -> 0
A5007: OBSERVED PROBABILITY ESTIMATES
A5008: Metric | D5008: Value
A5009: Total Trials | D5009: =COUNTA(A5:A5004) -> 5000
A5010: Total Delayed | D5010: =COUNTIF(C5:C5004,"Delayed") -> 516
A5011: Total Complaints | D5011: =SUM(E5:E5004) -> 1262
A5012: Delayed & Complained | D5012: =SUM(F5:F5004) -> 352
A5013: Observed P(Delay) | D5013: =COUNTIF(C5:C5004,"Delayed")/COUNTA(A5:A5004) -> 0.1032
A5014: Observed P(Complaint) | D5014: =SUM(E5:E5004)/COUNTA(A5:A5004) -> 0.2524
A5015: Observed P(Delay | Complaint) | D5015: =IFERROR(SUM(F5:F5004)/SUM(E5:E5004),0) -> 0.27892235
A5016: Theoretical P(Delay | Complaint) | D5016: =Parameters!$B$14 -> 0.28

Sheet Sim_20000
A1: ZWIGATO DELIVERY SIMULATION – 20,000 TRIALS
A2: Each row = one simulated order. RAND() < threshold determines Delay/Complaint status. Results recalculate on every workbook open/refresh.
A4: Trial # | B4: Random_1 (Delivery) | C4: Delivery Outcome | D4: Random_2 (Complaint) | E4: Complaint Raised? | F4: Delayed & Complained?
A5: 1 | B5: =RAND() -> 0.048990355 | C5: =IF(B5<Parameters!$B$6,"Delayed","On Time") -> Delayed | D5: =RAND() -> 0.41287716 | E5: =IF(C5="Delayed",IF(D5<Parameters!$B$8,1,0),IF(D5<Parameters!$B$9,1,0)) -> 1 | F5: =IF(AND(C5="Delayed",E5=1),1,0) -> 1
A6: 2 | B6: =RAND() -> 0.84412587 | C6: =IF(B6<Parameters!$B$6,"Delayed","On Time") -> On Time | D6: =RAND() -> 0.63367864 | E6: =IF(C6="Delayed",IF(D6<Parameters!$B$8,1,0),IF(D6<Parameters!$B$9,1,0)) -> 0 | F6: =IF(AND(C6="Delayed",E6=1),1,0) -> 0
A7: 3 | B7: =RAND() -> 0.91681753 | C7: =IF(B7<Parameters!$B$6,"Delayed","On Time") -> On Time | D7: =RAND() -> 0.2616494 | E7: =IF(C7="Delayed",IF(D7<Parameters!$B$8,1,0),IF(D7<Parameters!$B$9,1,0)) -> 0 | F7: =IF(AND(C7="Delayed",E7=1),1,0) -> 0
A8: 4 | B8: =RAND() -> 0.61126039 | C8: =IF(B8<Parameters!$B$6,"Delayed","On Time") -> On Time | D8: =RAND() -> 0.80741664 | E8: =IF(C8="Delayed",IF(D8<Parameters!$B$8,1,0),IF(D8<Parameters!$B$9,1,0)) -> 0 | F8: =IF(AND(C8="Delayed",E8=1),1,0) -> 0
A9: 5 | B9: =RAND() -> 0.6579605 | C9: =IF(B9<Parameters!$B$6,"Delayed","On Time") -> On Time | D9: =RAND() -> 0.65420385 | E9: =IF(C9="Delayed",IF(D9<Parameters!$B$8,1,0),IF(D9<Parameters!$B$9,1,0)) -> 0 | F9: =IF(AND(C9="Delayed",E9=1),1,0) -> 0
A10: 6 | B10: =RAND() -> 0.053884472 | C10: =IF(B10<Parameters!$B$6,"Delayed","On Time") -> Delayed | D10: =RAND() -> 0.20287451 | E10: =IF(C10="Delayed",IF(D10<Parameters!$B$8,1,0),IF(D10<Parameters!$B$9,1,0)) -> 1 | F10: =IF(AND(C10="Delayed",E10=1),1,0) -> 1
A11: 7 | B11: =RAND() -> 0.088494466 | C11: =IF(B11<Parameters!$B$6,"Delayed","On Time") -> Delayed | D11: =RAND() -> 0.88826271 | E11: =IF(C11="Delayed",IF(D11<Parameters!$B$8,1,0),IF(D11<Parameters!$B$9,1,0)) -> 0 | F11: =IF(AND(C11="Delayed",E11=1),1,0) -> 0
A12: 8 | B12: =RAND() -> 0.61165995 | C12: =IF(B12<Parameters!$B$6,"Delayed","On Time") -> On Time | D12: =RAND() -> 0.14769033 | E12: =IF(C12="Delayed",IF(D12<Parameters!$B$8,1,0),IF(D12<Parameters!$B$9,1,0)) -> 1 | F12: =IF(AND(C12="Delayed",E12=1),1,0) -> 0
A13: 9 | B13: =RAND() -> 0.093149466 | C13: =IF(B13<Parameters!$B$6,"Delayed","On Time") -> Delayed | D13: =RAND() -> 0.65881362 | E13: =IF(C13="Delayed",IF(D13<Parameters!$B$8,1,0),IF(D13<Parameters!$B$9,1,0)) -> 1 | F13: =IF(AND(C13="Delayed",E13=1),1,0) -> 1
A14: 10 | B14: =RAND() -> 0.75982299 | C14: =IF(B14<Parameters!$B$6,"Delayed","On Time") -> On Time | D14: =RAND() -> 0.16960052 | E14: =IF(C14="Delayed",IF(D14<Parameters!$B$8,1,0),IF(D14<Parameters!$B$9,1,0)) -> 1 | F14: =IF(AND(C14="Delayed",E14=1),1,0) -> 0
A15: 11 | B15: =RAND() -> 0.24478641 | C15: =IF(B15<Parameters!$B$6,"Delayed","On Time") -> On Time | D15: =RAND() -> 0.93474808 | E15: =IF(C15="Delayed",IF(D15<Parameters!$B$8,1,0),IF(D15<Parameters!$B$9,1,0)) -> 0 | F15: =IF(AND(C15="Delayed",E15=1),1,0) -> 0
A16: 12 | B16: =RAND() -> 0.41442414 | C16: =IF(B16<Parameters!$B$6,"Delayed","On Time") -> On Time | D16: =RAND() -> 0.85315466 | E16: =IF(C16="Delayed",IF(D16<Parameters!$B$8,1,0),IF(D16<Parameters!$B$9,1,0)) -> 0 | F16: =IF(AND(C16="Delayed",E16=1),1,0) -> 0
... A20004: 20000 | B20004: =RAND() -> 0.19129505 | C20004: =IF(B20004<Parameters!$B$6,"Delayed","On Time") -> On Time | D20004: =RAND() -> 0.51843976 | E20004: =IF(C20004="Delayed",IF(D20004<Parameters!$B$8,1,0),IF(D20004<Parameters!$B$9,1,0)) -> 0 | F20004: =IF(AND(C20004="Delayed",E20004=1),1,0) -> 0
A20007: OBSERVED PROBABILITY ESTIMATES
A20008: Metric | D20008: Value
A20009: Total Trials | D20009: =COUNTA(A5:A20004) -> 20000
A20010: Total Delayed | D20010: =COUNTIF(C5:C20004,"Delayed") -> 1965
A20011: Total Complaints | D20011: =SUM(E5:E20004) -> 5025
A20012: Delayed & Complained | D20012: =SUM(F5:F20004) -> 1403
A20013: Observed P(Delay) | D20013: =COUNTIF(C5:C20004,"Delayed")/COUNTA(A5:A20004) -> 0.09825
A20014: Observed P(Complaint) | D20014: =SUM(E5:E20004)/COUNTA(A5:A20004) -> 0.25125
A20015: Observed P(Delay | Complaint) | D20015: =IFERROR(SUM(F5:F20004)/SUM(E5:E20004),0) -> 0.27920398
A20016: Theoretical P(Delay | Complaint) | D20016: =Parameters!$B$14 -> 0.28

Sheet Summary_Convergence
A1: SIMULATION SUMMARY & CONVERGENCE OF P(Delay | Complaint)
A2: As simulation trials increase, the observed P(Delay | Complaint) converges toward the theoretical Bayes value of 0.28. This is the Law of Large Numbers in action.
A4: Trial Size | B4: Observed P(Delay) | C4: Observed P(Complaint) | D4: Observed P(Delay|Complaint) | E4: Theoretical P(Delay|Complaint) | F4: Deviation from Theoretical
A5: 100 Trials | B5: =Sim_100!D113 -> 0.11 | C5: =Sim_100!D114 -> 0.31 | D5: =Sim_100!D115 -> 0.32258065 | E5: =Parameters!$B$14 -> 0.28 | F5: =D5-E5 -> 0.042580645
A6: 5,000 Trials | B6: =Sim_5000!D5013 -> 0.1032 | C6: =Sim_5000!D5014 -> 0.2524 | D6: =Sim_5000!D5015 -> 0.27892235 | E6: =Parameters!$B$14 -> 0.28 | F6: =D6-E6 -> -0.0010776545
A7: 20,000 Trials | B7: =Sim_20000!D20013 -> 0.09825 | C7: =Sim_20000!D20014 -> 0.25125 | D7: =Sim_20000!D20015 -> 0.27920398 | E7: =Parameters!$B$14 -> 0.28 | F7: =D7-E7 -> -0.0007960199
A9: CONVERGENCE DATA (used for chart)
A10: Trial Size | B10: Observed P(Delay|Complaint) | C10: Theoretical P(Delay|Complaint)
A11: 100 | B11: =Sim_100!D115 -> 0.32258065 | C11: =Parameters!$B$14 -> 0.28
A12: 5000 | B12: =Sim_5000!D5015 -> 0.27892235 | C12: =Parameters!$B$14 -> 0.28
A13: 20000 | B13: =Sim_20000!D20015 -> 0.27920398 | C13: =Parameters!$B$14 -> 0.28
