Workbook

Sheet APP
A1: Aggregate Production Plan (Hybrid Strategy) - Skoda Kushaq
A3: Parameters
A4: Regular-time production (RP, units/month) | B4: 1350
A5: Overtime cap (OT_MAX, units/month) | B5: 250
A6: Subcontract cap (SC_MAX, units/month) | B6: 300
A7: Regular-time cost (Rs/unit) | B7: 700000
A8: Overtime cost (Rs/unit) | B8: 750000
A9: Subcontract cost (Rs/unit) | B9: 780000
A10: Holding cost (Rs/unit/month) | B10: 5000
A11: Backorder cost (Rs/unit/month) | B11: 15000
A13: Month-by-month plan
A14: Month | B14: Demand | C14: Beg. Inv/(Backlog) | D14: Regular Prod (RP) | E14: Overtime (OT) | F14: Subcontract (SC) | G14: Total Supply | H14: End Inv/(Backlog)
A15: 1 | B15: 1000 | C15: 0 | D15: =$B$4 -> 1350 | E15: =MIN($B$5, MAX(0, B15-(C15+D15))) -> 0 | F15: =MIN($B$6, MAX(0, B15-(C15+D15+E15))) -> 0 | G15: =D15+E15+F15 -> 1350 | H15: =C15+G15-B15 -> 350
A16: 2 | B16: 1100 | C16: =H15 -> 350 | D16: =$B$4 -> 1350 | E16: =MIN($B$5, MAX(0, B16-(C16+D16))) -> 0 | F16: =MIN($B$6, MAX(0, B16-(C16+D16+E16))) -> 0 | G16: =D16+E16+F16 -> 1350 | H16: =C16+G16-B16 -> 600
A17: 3 | B17: 1300 | C17: =H16 -> 600 | D17: =$B$4 -> 1350 | E17: =MIN($B$5, MAX(0, B17-(C17+D17))) -> 0 | F17: =MIN($B$6, MAX(0, B17-(C17+D17+E17))) -> 0 | G17: =D17+E17+F17 -> 1350 | H17: =C17+G17-B17 -> 650
A18: 4 | B18: 1700 | C18: =H17 -> 650 | D18: =$B$4 -> 1350 | E18: =MIN($B$5, MAX(0, B18-(C18+D18))) -> 0 | F18: =MIN($B$6, MAX(0, B18-(C18+D18+E18))) -> 0 | G18: =D18+E18+F18 -> 1350 | H18: =C18+G18-B18 -> 300
A19: 5 | B19: 2100 | C19: =H18 -> 300 | D19: =$B$4 -> 1350 | E19: =MIN($B$5, MAX(0, B19-(C19+D19))) -> 250 | F19: =MIN($B$6, MAX(0, B19-(C19+D19+E19))) -> 200 | G19: =D19+E19+F19 -> 1800 | H19: =C19+G19-B19 -> 0
A20: 6 | B20: 2200 | C20: =H19 -> 0 | D20: =$B$4 -> 1350 | E20: =MIN($B$5, MAX(0, B20-(C20+D20))) -> 250 | F20: =MIN($B$6, MAX(0, B20-(C20+D20+E20))) -> 300 | G20: =D20+E20+F20 -> 1900 | H20: =C20+G20-B20 -> -300
A21: 7 | B21: 1800 | C21: =H20 -> -300 | D21: =$B$4 -> 1350 | E21: =MIN($B$5, MAX(0, B21-(C21+D21))) -> 250 | F21: =MIN($B$6, MAX(0, B21-(C21+D21+E21))) -> 300 | G21: =D21+E21+F21 -> 1900 | H21: =C21+G21-B21 -> -200
A22: 8 | B22: 1300 | C22: =H21 -> -200 | D22: =$B$4 -> 1350 | E22: =MIN($B$5, MAX(0, B22-(C22+D22))) -> 150 | F22: =MIN($B$6, MAX(0, B22-(C22+D22+E22))) -> 0 | G22: =D22+E22+F22 -> 1500 | H22: =C22+G22-B22 -> 0
A25: Cost Breakdown
A26: Cost component | B26: Rate | C26: Quantity (formula) | D26: Cost (Rs)
A27: Regular time | B27: =$B$7 -> 700000 | C27: =SUM(D15:D22) -> 10800 | D27: =B27*C27 -> 7560000000
A28: Overtime | B28: =$B$8 -> 750000 | C28: =SUM(E15:E22) -> 900 | D28: =B28*C28 -> 675000000
A29: Subcontract | B29: =$B$9 -> 780000 | C29: =SUM(F15:F22) -> 800 | D29: =B29*C29 -> 624000000
A30: Inventory holding | B30: =$B$10 -> 5000 | C30: =SUMIF(H15:H22,">0") -> 1900 | D30: =B30*C30 -> 9500000
A31: Backorder | B31: =$B$11 -> 15000 | C31: =-SUMIF(H15:H22,"<0") -> 500 | D31: =B31*C31 -> 7500000
A32: TOTAL APP COST (Rs) | D32: =SUM(D27:D31) -> 8876000000

Sheet BOM
A1: Bill of Materials - Skoda Kushaq
A3: Item | B3: Level | C3: Parent | D3: Qty/Parent | E3: Lot rule | F3: Lot size | G3: Lead time (mo.) | H3: On-hand inv.
A4: Skoda Kushaq (finished vehicle) | B4: 0 | C4: — | D4: 1 | E4: L4L | F4: — | G4: 1 | H4: 15
A5: Engine Assembly | B5: 1 | C5: Kushaq | D5: 1 | E5: L4L | F5: — | G5: 1 | H5: 0
A6: Chassis Assembly | B6: 1 | C6: Kushaq | D6: 1 | E6: L4L | F6: — | G6: 1 | H6: 0
A7: Body Assembly | B7: 1 | C7: Kushaq | D7: 1 | E7: L4L | F7: — | G7: 1 | H7: 0
A8: Engine Block | B8: 2 | C8: Engine Assembly | D8: 1 | E8: FOQ | F8: 2000 | G8: 2 | H8: 1000
A9: Wiring Harness | B9: 2 | C9: Engine Assembly | D9: 1 | E9: L4L | F9: — | G9: 1 | H9: 0
A10: Fastener Kit | B10: 2 | C10: Engine Asm.(x2)/Chassis Asm.(x3) | D10: 2 / 3 | E10: FOQ | F10: 8000 | G10: 1 | H10: 6000
A11: Wheel & Tyre Sub-assembly | B11: 2 | C11: Chassis Assembly | D11: 4 | E11: L4L | F11: — | G11: 1 | H11: 0
A12: Steel Body Panel Set | B12: 2 | C12: Body Assembly | D12: 1 | E12: FOQ | F12: 2000 | G12: 2 | H12: 1000
A13: Paint (litres) | B13: 2 | C13: Body Assembly | D13: 3 | E13: FOQ | F13: 5000 | G13: 1 | H13: 0
A14: Tyre | B14: 3 | C14: Wheel & Tyre Sub-asm. | D14: 1 | E14: FOQ | F14: 6000 | G14: 2 | H14: 0
A15: Alloy Rim | B15: 3 | C15: Wheel & Tyre Sub-asm. | D15: 1 | E15: L4L | F15: — | G15: 1 | H15: 0

Sheet MRP
A1: Material Requirements Planning - Skoda Kushaq (all items, Months 1 - 8)
C2: Period | D2: M1 | E2: M2 | F2: M3 | G2: M4 | H2: M5 | I2: M6 | J2: M7 | K2: M8
A4: Item: | B4: Skoda Kushaq (finished vehicle)
A5: OH: | B5: 15
A6: LT (mo): | B6: 1
A7: Lot rule: | B7: L4L
C8: Gross Requirements | D8: =APP!G15 -> 1350 | E8: =APP!G16 -> 1350 | F8: =APP!G17 -> 1350 | G8: =APP!G18 -> 1350 | H8: =APP!G19 -> 1800 | I8: =APP!G20 -> 1900 | J8: =APP!G21 -> 1900 | K8: =APP!G22 -> 1500
C9: Projected Avail. Balance | D9: =$B$5+D11-D8 -> 0 | E9: =D9+E11-E8 -> 0 | F9: =E9+F11-F8 -> 0 | G9: =F9+G11-G8 -> 0 | H9: =G9+H11-H8 -> 0 | I9: =H9+I11-I8 -> 0 | J9: =I9+J11-J8 -> 0 | K9: =J9+K11-K8 -> 0
C10: Net Requirements | D10: =MAX(0,D8-$B$5) -> 1335 | E10: =MAX(0,E8-D9) -> 1350 | F10: =MAX(0,F8-E9) -> 1350 | G10: =MAX(0,G8-F9) -> 1350 | H10: =MAX(0,H8-G9) -> 1800 | I10: =MAX(0,I8-H9) -> 1900 | J10: =MAX(0,J8-I9) -> 1900 | K10: =MAX(0,K8-J9) -> 1500
C11: Planned Order Receipts | D11: =D10 -> 1335 | E11: =E10 -> 1350 | F11: =F10 -> 1350 | G11: =G10 -> 1350 | H11: =H10 -> 1800 | I11: =I10 -> 1900 | J11: =J10 -> 1900 | K11: =K10 -> 1500
C12: Planned Order Releases | D12: =D11+E11 -> 2685 | E12: =F11 -> 1350 | F12: =G11 -> 1350 | G12: =H11 -> 1800 | H12: =I11 -> 1900 | I12: =J11 -> 1900 | J12: =K11 -> 1500 | K12: =0 -> 0
A14: Item: | B14: Engine Assembly
A15: OH: | B15: 0
A16: LT (mo): | B16: 1
A17: Lot rule: | B17: L4L
C18: Gross Requirements | D18: =D12*1 -> 2685 | E18: =E12*1 -> 1350 | F18: =F12*1 -> 1350 | G18: =G12*1 -> 1800 | H18: =H12*1 -> 1900 | I18: =I12*1 -> 1900 | J18: =J12*1 -> 1500 | K18: =K12*1 -> 0
C19: Projected Avail. Balance | D19: =$B$15+D21-D18 -> 0 | E19: =D19+E21-E18 -> 0 | F19: =E19+F21-F18 -> 0 | G19: =F19+G21-G18 -> 0 | H19: =G19+H21-H18 -> 0 | I19: =H19+I21-I18 -> 0 | J19: =I19+J21-J18 -> 0 | K19: =J19+K21-K18 -> 0
C20: Net Requirements | D20: =MAX(0,D18-$B$15) -> 2685 | E20: =MAX(0,E18-D19) -> 1350 | F20: =MAX(0,F18-E19) -> 1350 | G20: =MAX(0,G18-F19) -> 1800 | H20: =MAX(0,H18-G19) -> 1900 | I20: =MAX(0,I18-H19) -> 1900 | J20: =MAX(0,J18-I19) -> 1500 | K20: =MAX(0,K18-J19) -> 0
C21: Planned Order Receipts | D21: =D20 -> 2685 | E21: =E20 -> 1350 | F21: =F20 -> 1350 | G21: =G20 -> 1800 | H21: =H20 -> 1900 | I21: =I20 -> 1900 | J21: =J20 -> 1500 | K21: =K20 -> 0
C22: Planned Order Releases | D22: =D21+E21 -> 4035 | E22: =F21 -> 1350 | F22: =G21 -> 1800 | G22: =H21 -> 1900 | H22: =I21 -> 1900 | I22: =J21 -> 1500 | J22: =K21 -> 0 | K22: =0 -> 0
A24: Item: | B24: Chassis Assembly
A25: OH: | B25: 0
A26: LT (mo): | B26: 1
A27: Lot rule: | B27: L4L
C28: Gross Requirements | D28: =D12*1 -> 2685 | E28: =E12*1 -> 1350 | F28: =F12*1 -> 1350 | G28: =G12*1 -> 1800 | H28: =H12*1 -> 1900 | I28: =I12*1 -> 1900 | J28: =J12*1 -> 1500 | K28: =K12*1 -> 0
C29: Projected Avail. Balance | D29: =$B$25+D31-D28 -> 0 | E29: =D29+E31-E28 -> 0 | F29: =E29+F31-F28 -> 0 | G29: =F29+G31-G28 -> 0 | H29: =G29+H31-H28 -> 0 | I29: =H29+I31-I28 -> 0 | J29: =I29+J31-J28 -> 0 | K29: =J29+K31-K28 -> 0
C30: Net Requirements | D30: =MAX(0,D28-$B$25) -> 2685 | E30: =MAX(0,E28-D29) -> 1350 | F30: =MAX(0,F28-E29) -> 1350 | G30: =MAX(0,G28-F29) -> 1800 | H30: =MAX(0,H28-G29) -> 1900 | I30: =MAX(0,I28-H29) -> 1900 | J30: =MAX(0,J28-I29) -> 1500 | K30: =MAX(0,K28-J29) -> 0
C31: Planned Order Receipts | D31: =D30 -> 2685 | E31: =E30 -> 1350 | F31: =F30 -> 1350 | G31: =G30 -> 1800 | H31: =H30 -> 1900 | I31: =I30 -> 1900 | J31: =J30 -> 1500 | K31: =K30 -> 0
C32: Planned Order Releases | D32: =D31+E31 -> 4035 | E32: =F31 -> 1350 | F32: =G31 -> 1800 | G32: =H31 -> 1900 | H32: =I31 -> 1900 | I32: =J31 -> 1500 | J32: =K31 -> 0 | K32: =0 -> 0
A34: Item: | B34: Body Assembly
A35: OH: | B35: 0
A36: LT (mo): | B36: 1
A37: Lot rule: | B37: L4L
C38: Gross Requirements | D38: =D12*1 -> 2685 | E38: =E12*1 -> 1350 | F38: =F12*1 -> 1350 | G38: =G12*1 -> 1800 | H38: =H12*1 -> 1900 | I38: =I12*1 -> 1900 | J38: =J12*1 -> 1500 | K38: =K12*1 -> 0
C39: Projected Avail. Balance | D39: =$B$35+D41-D38 -> 0 | E39: =D39+E41-E38 -> 0 | F39: =E39+F41-F38 -> 0 | G39: =F39+G41-G38 -> 0 | H39: =G39+H41-H38 -> 0 | I39: =H39+I41-I38 -> 0 | J39: =I39+J41-J38 -> 0 | K39: =J39+K41-K38 -> 0
C40: Net Requirements | D40: =MAX(0,D38-$B$35) -> 2685 | E40: =MAX(0,E38-D39) -> 1350 | F40: =MAX(0,F38-E39) -> 1350 | G40: =MAX(0,G38-F39) -> 1800 | H40: =MAX(0,H38-G39) -> 1900 | I40: =MAX(0,I38-H39) -> 1900 | J40: =MAX(0,J38-I39) -> 1500 | K40: =MAX(0,K38-J39) -> 0
C41: Planned Order Receipts | D41: =D40 -> 2685 | E41: =E40 -> 1350 | F41: =F40 -> 1350 | G41: =G40 -> 1800 | H41: =H40 -> 1900 | I41: =I40 -> 1900 | J41: =J40 -> 1500 | K41: =K40 -> 0
C42: Planned Order Releases | D42: =D41+E41 -> 4035 | E42: =F41 -> 1350 | F42: =G41 -> 1800 | G42: =H41 -> 1900 | H42: =I41 -> 1900 | I42: =J41 -> 1500 | J42: =K41 -> 0 | K42: =0 -> 0
A44: Item: | B44: Engine Block
A45: OH: | B45: 1000
A46: LT (mo): | B46: 2
A47: Lot rule: | B47: FOQ | C47: 2000
C48: Gross Requirements | D48: =D22*1 -> 4035 | E48: =E22*1 -> 1350 | F48: =F22*1 -> 1800 | G48: =G22*1 -> 1900 | H48: =H22*1 -> 1900 | I48: =I22*1 -> 1500 | J48: =J22*1 -> 0 | K48: =K22*1 -> 0
C49: Projected Avail. Balance | D49: =$B$45+D51-D48 -> 965 | E49: =D49+E51-E48 -> 1615 | F49: =E49+F51-F48 -> 1815 | G49: =F49+G51-G48 -> 1915 | H49: =G49+H51-H48 -> 15 | I49: =H49+I51-I48 -> 515 | J49: =I49+J51-J48 -> 515 | K49: =J49+K51-K48 -> 515
C50: Net Requirements | D50: =MAX(0,D48-$B$45) -> 3035 | E50: =MAX(0,E48-D49) -> 385 | F50: =MAX(0,F48-E49) -> 185 | G50: =MAX(0,G48-F49) -> 85 | H50: =MAX(0,H48-G49) -> 0 | I50: =MAX(0,I48-H49) -> 1485 | J50: =MAX(0,J48-I49) -> 0 | K50: =MAX(0,K48-J49) -> 0
C51: Planned Order Receipts | D51: =IF(D50>0,CEILING(D50,$C$47),0) -> 4000 | E51: =IF(E50>0,CEILING(E50,$C$47),0) -> 2000 | F51: =IF(F50>0,CEILING(F50,$C$47),0) -> 2000 | G51: =IF(G50>0,CEILING(G50,$C$47),0) -> 2000 | H51: =IF(H50>0,CEILING(H50,$C$47),0) -> 0 | I51: =IF(I50>0,CEILING(I50,$C$47),0) -> 2000 | J51: =IF(J50>0,CEILING(J50,$C$47),0) -> 0 | K51: =IF(K50>0,CEILING(K50,$C$47),0) -> 0
C52: Planned Order Releases | D52: =D51+E51+F51 -> 8000 | E52: =G51 -> 2000 | F52: =H51 -> 0 | G52: =I51 -> 2000 | H52: =J51 -> 0 | I52: =K51 -> 0 | J52: =0 -> 0 | K52: =0 -> 0
A54: Item: | B54: Wiring Harness
A55: OH: | B55: 0
A56: LT (mo): | B56: 1
A57: Lot rule: | B57: L4L
C58: Gross Requirements | D58: =D22*1 -> 4035 | E58: =E22*1 -> 1350 | F58: =F22*1 -> 1800 | G58: =G22*1 -> 1900 | H58: =H22*1 -> 1900 | I58: =I22*1 -> 1500 | J58: =J22*1 -> 0 | K58: =K22*1 -> 0
C59: Projected Avail. Balance | D59: =$B$55+D61-D58 -> 0 | E59: =D59+E61-E58 -> 0 | F59: =E59+F61-F58 -> 0 | G59: =F59+G61-G58 -> 0 | H59: =G59+H61-H58 -> 0 | I59: =H59+I61-I58 -> 0 | J59: =I59+J61-J58 -> 0 | K59: =J59+K61-K58 -> 0
C60: Net Requirements | D60: =MAX(0,D58-$B$55) -> 4035 | E60: =MAX(0,E58-D59) -> 1350 | F60: =MAX(0,F58-E59) -> 1800 | G60: =MAX(0,G58-F59) -> 1900 | H60: =MAX(0,H58-G59) -> 1900 | I60: =MAX(0,I58-H59) -> 1500 | J60: =MAX(0,J58-I59) -> 0 | K60: =MAX(0,K58-J59) -> 0
C61: Planned Order Receipts | D61: =D60 -> 4035 | E61: =E60 -> 1350 | F61: =F60 -> 1800 | G61: =G60 -> 1900 | H61: =H60 -> 1900 | I61: =I60 -> 1500 | J61: =J60 -> 0 | K61: =K60 -> 0
C62: Planned Order Releases | D62: =D61+E61 -> 5385 | E62: =F61 -> 1800 | F62: =G61 -> 1900 | G62: =H61 -> 1900 | H62: =I61 -> 1500 | I62: =J61 -> 0 | J62: =K61 -> 0 | K62: =0 -> 0
A64: Item: | B64: Fastener Kit
A65: OH: | B65: 6000
A66: LT (mo): | B66: 1
A67: Lot rule: | B67: FOQ | C67: 8000
C68: Gross Requirements | D68: =D22*2+D32*3 -> 20175 | E68: =E22*2+E32*3 -> 6750 | F68: =F22*2+F32*3 -> 9000 | G68: =G22*2+G32*3 -> 9500 | H68: =H22*2+H32*3 -> 9500 | I68: =I22*2+I32*3 -> 7500 | J68: =J22*2+J32*3 -> 0 | K68: =K22*2+K32*3 -> 0
C69: Projected Avail. Balance | D69: =$B$65+D71-D68 -> 1825 | E69: =D69+E71-E68 -> 3075 | F69: =E69+F71-F68 -> 2075 | G69: =F69+G71-G68 -> 575 | H69: =G69+H71-H68 -> 7075 | I69: =H69+I71-I68 -> 7575 | J69: =I69+J71-J68 -> 7575 | K69: =J69+K71-K68 -> 7575
C70: Net Requirements | D70: =MAX(0,D68-$B$65) -> 14175 | E70: =MAX(0,E68-D69) -> 4925 | F70: =MAX(0,F68-E69) -> 5925 | G70: =MAX(0,G68-F69) -> 7425 | H70: =MAX(0,H68-G69) -> 8925 | I70: =MAX(0,I68-H69) -> 425 | J70: =MAX(0,J68-I69) -> 0 | K70: =MAX(0,K68-J69) -> 0
C71: Planned Order Receipts | D71: =IF(D70>0,CEILING(D70,$C$67),0) -> 16000 | E71: =IF(E70>0,CEILING(E70,$C$67),0) -> 8000 | F71: =IF(F70>0,CEILING(F70,$C$67),0) -> 8000 | G71: =IF(G70>0,CEILING(G70,$C$67),0) -> 8000 | H71: =IF(H70>0,CEILING(H70,$C$67),0) -> 16000 | I71: =IF(I70>0,CEILING(I70,$C$67),0) -> 8000 | J71: =IF(J70>0,CEILING(J70,$C$67),0) -> 0 | K71: =IF(K70>0,CEILING(K70,$C$67),0) -> 0
C72: Planned Order Releases | D72: =D71+E71 -> 24000 | E72: =F71 -> 8000 | F72: =G71 -> 8000 | G72: =H71 -> 16000 | H72: =I71 -> 8000 | I72: =J71 -> 0 | J72: =K71 -> 0 | K72: =0 -> 0
A74: Item: | B74: Wheel & Tyre Sub-assembly
A75: OH: | B75: 0
A76: LT (mo): | B76: 1
A77: Lot rule: | B77: L4L
C78: Gross Requirements | D78: =D32*4 -> 16140 | E78: =E32*4 -> 5400 | F78: =F32*4 -> 7200 | G78: =G32*4 -> 7600 | H78: =H32*4 -> 7600 | I78: =I32*4 -> 6000 | J78: =J32*4 -> 0 | K78: =K32*4 -> 0
C79: Projected Avail. Balance | D79: =$B$75+D81-D78 -> 0 | E79: =D79+E81-E78 -> 0 | F79: =E79+F81-F78 -> 0 | G79: =F79+G81-G78 -> 0 | H79: =G79+H81-H78 -> 0 | I79: =H79+I81-I78 -> 0 | J79: =I79+J81-J78 -> 0 | K79: =J79+K81-K78 -> 0
C80: Net Requirements | D80: =MAX(0,D78-$B$75) -> 16140 | E80: =MAX(0,E78-D79) -> 5400 | F80: =MAX(0,F78-E79) -> 7200 | G80: =MAX(0,G78-F79) -> 7600 | H80: =MAX(0,H78-G79) -> 7600 | I80: =MAX(0,I78-H79) -> 6000 | J80: =MAX(0,J78-I79) -> 0 | K80: =MAX(0,K78-J79) -> 0
C81: Planned Order Receipts | D81: =D80 -> 16140 | E81: =E80 -> 5400 | F81: =F80 -> 7200 | G81: =G80 -> 7600 | H81: =H80 -> 7600 | I81: =I80 -> 6000 | J81: =J80 -> 0 | K81: =K80 -> 0
C82: Planned Order Releases | D82: =D81+E81 -> 21540 | E82: =F81 -> 7200 | F82: =G81 -> 7600 | G82: =H81 -> 7600 | H82: =I81 -> 6000 | I82: =J81 -> 0 | J82: =K81 -> 0 | K82: =0 -> 0
A84: Item: | B84: Steel Body Panel Set
A85: OH: | B85: 1000
A86: LT (mo): | B86: 2
A87: Lot rule: | B87: FOQ | C87: 2000
C88: Gross Requirements | D88: =D42*1 -> 4035 | E88: =E42*1 -> 1350 | F88: =F42*1 -> 1800 | G88: =G42*1 -> 1900 | H88: =H42*1 -> 1900 | I88: =I42*1 -> 1500 | J88: =J42*1 -> 0 | K88: =K42*1 -> 0
C89: Projected Avail. Balance | D89: =$B$85+D91-D88 -> 965 | E89: =D89+E91-E88 -> 1615 | F89: =E89+F91-F88 -> 1815 | G89: =F89+G91-G88 -> 1915 | H89: =G89+H91-H88 -> 15 | I89: =H89+I91-I88 -> 515 | J89: =I89+J91-J88 -> 515 | K89: =J89+K91-K88 -> 515
C90: Net Requirements | D90: =MAX(0,D88-$B$85) -> 3035 | E90: =MAX(0,E88-D89) -> 385 | F90: =MAX(0,F88-E89) -> 185 | G90: =MAX(0,G88-F89) -> 85 | H90: =MAX(0,H88-G89) -> 0 | I90: =MAX(0,I88-H89) -> 1485 | J90: =MAX(0,J88-I89) -> 0 | K90: =MAX(0,K88-J89) -> 0
C91: Planned Order Receipts | D91: =IF(D90>0,CEILING(D90,$C$87),0) -> 4000 | E91: =IF(E90>0,CEILING(E90,$C$87),0) -> 2000 | F91: =IF(F90>0,CEILING(F90,$C$87),0) -> 2000 | G91: =IF(G90>0,CEILING(G90,$C$87),0) -> 2000 | H91: =IF(H90>0,CEILING(H90,$C$87),0) -> 0 | I91: =IF(I90>0,CEILING(I90,$C$87),0) -> 2000 | J91: =IF(J90>0,CEILING(J90,$C$87),0) -> 0 | K91: =IF(K90>0,CEILING(K90,$C$87),0) -> 0
C92: Planned Order Releases | D92: =D91+E91+F91 -> 8000 | E92: =G91 -> 2000 | F92: =H91 -> 0 | G92: =I91 -> 2000 | H92: =J91 -> 0 | I92: =K91 -> 0 | J92: =0 -> 0 | K92: =0 -> 0
A94: Item: | B94: Paint (litres)
A95: OH: | B95: 0
A96: LT (mo): | B96: 1
A97: Lot rule: | B97: FOQ | C97: 5000
C98: Gross Requirements | D98: =D42*3 -> 12105 | E98: =E42*3 -> 4050 | F98: =F42*3 -> 5400 | G98: =G42*3 -> 5700 | H98: =H42*3 -> 5700 | I98: =I42*3 -> 4500 | J98: =J42*3 -> 0 | K98: =K42*3 -> 0
C99: Projected Avail. Balance | D99: =$B$95+D101-D98 -> 2895 | E99: =D99+E101-E98 -> 3845 | F99: =E99+F101-F98 -> 3445 | G99: =F99+G101-G98 -> 2745 | H99: =G99+H101-H98 -> 2045 | I99: =H99+I101-I98 -> 2545 | J99: =I99+J101-J98 -> 2545 | K99: =J99+K101-K98 -> 2545
C100: Net Requirements | D100: =MAX(0,D98-$B$95) -> 12105 | E100: =MAX(0,E98-D99) -> 1155 | F100: =MAX(0,F98-E99) -> 1555 | G100: =MAX(0,G98-F99) -> 2255 | H100: =MAX(0,H98-G99) -> 2955 | I100: =MAX(0,I98-H99) -> 2455 | J100: =MAX(0,J98-I99) -> 0 | K100: =MAX(0,K98-J99) -> 0
C101: Planned Order Receipts | D101: =IF(D100>0,CEILING(D100,$C$97),0) -> 15000 | E101: =IF(E100>0,CEILING(E100,$C$97),0) -> 5000 | F101: =IF(F100>0,CEILING(F100,$C$97),0) -> 5000 | G101: =IF(G100>0,CEILING(G100,$C$97),0) -> 5000 | H101: =IF(H100>0,CEILING(H100,$C$97),0) -> 5000 | I101: =IF(I100>0,CEILING(I100,$C$97),0) -> 5000 | J101: =IF(J100>0,CEILING(J100,$C$97),0) -> 0 | K101: =IF(K100>0,CEILING(K100,$C$97),0) -> 0
C102: Planned Order Releases | D102: =D101+E101 -> 20000 | E102: =F101 -> 5000 | F102: =G101 -> 5000 | G102: =H101 -> 5000 | H102: =I101 -> 5000 | I102: =J101 -> 0 | J102: =K101 -> 0 | K102: =0 -> 0
A104: Item: | B104: Tyre
A105: OH: | B105: 0
A106: LT (mo): | B106: 2
A107: Lot rule: | B107: FOQ | C107: 6000
C108: Gross Requirements | D108: =D82*1 -> 21540 | E108: =E82*1 -> 7200 | F108: =F82*1 -> 7600 | G108: =G82*1 -> 7600 | H108: =H82*1 -> 6000 | I108: =I82*1 -> 0 | J108: =J82*1 -> 0 | K108: =K82*1 -> 0
C109: Projected Avail. Balance | D109: =$B$105+D111-D108 -> 2460 | E109: =D109+E111-E108 -> 1260 | F109: =E109+F111-F108 -> 5660 | G109: =F109+G111-G108 -> 4060 | H109: =G109+H111-H108 -> 4060 | I109: =H109+I111-I108 -> 4060 | J109: =I109+J111-J108 -> 4060 | K109: =J109+K111-K108 -> 4060
C110: Net Requirements | D110: =MAX(0,D108-$B$105) -> 21540 | E110: =MAX(0,E108-D109) -> 4740 | F110: =MAX(0,F108-E109) -> 6340 | G110: =MAX(0,G108-F109) -> 1940 | H110: =MAX(0,H108-G109) -> 1940 | I110: =MAX(0,I108-H109) -> 0 | J110: =MAX(0,J108-I109) -> 0 | K110: =MAX(0,K108-J109) -> 0
C111: Planned Order Receipts | D111: =IF(D110>0,CEILING(D110,$C$107),0) -> 24000 | E111: =IF(E110>0,CEILING(E110,$C$107),0) -> 6000 | F111: =IF(F110>0,CEILING(F110,$C$107),0) -> 12000 | G111: =IF(G110>0,CEILING(G110,$C$107),0) -> 6000 | H111: =IF(H110>0,CEILING(H110,$C$107),0) -> 6000 | I111: =IF(I110>0,CEILING(I110,$C$107),0) -> 0 | J111: =IF(J110>0,CEILING(J110,$C$107),0) -> 0 | K111: =IF(K110>0,CEILING(K110,$C$107),0) -> 0
...

Sheet Inventory Policy - Tyre
A1: Continuous Review (Q-Model) Inventory Policy - Tyre
A3: Inputs (assumptions)
A4: Mean monthly demand, D̄ (tyres/month) | B4: 6600
A5: Std. dev. of monthly demand, σ (tyres/month) | B5: 900
A6: Supplier lead time, LT (months) | B6: 2
A7: Ordering/setup cost, S (Rs/order) | B7: 30000
A8: Holding cost, H (Rs/tyre/month) | B8: 60
A9: Cycle service level (Z-value) | B9: 1.645
A12: Formulas and results
A13: Economic Order Quantity, Q* = √(2 × D̄ × S / H) | B13: =SQRT(2*$B$4*$B$7/$B$8) -> 2569.0465
A14: Std. dev. of demand during lead time, σ_LT = σ × √LT | B14: =$B$5*SQRT($B$6) -> 1272.7922
A15: Safety Stock, SS = Z × σ_LT | B15: =$B$9*B14 -> 2093.7432
A16: Reorder Point, ROP = (D̄ × LT) + SS | B16: =($B$4*$B$6)+B15 -> 15293.743
A17: Orders per year = (D̄ × 12) / Q* | B17: =($B$4*12)/B13 -> 30.828558
A18: Cycle length (days) = 365 / Orders per year | B18: =365/B17 -> 11.839671
A21: Resulting Policy Summary
A22: Parameter | B22: Value
A23: Order quantity (Q*, EOQ, rounded) | B23: =MROUND(B13,10) -> 2570
A24: Safety stock (SS, rounded) | B24: =MROUND(B15,10) -> 2090
A25: Reorder point (ROP, rounded) | B25: =MROUND(B16,10) -> 15290
A26: Approx. orders per year | B26: =B17 -> 30.828558
A27: Approx. cycle length (days) | B27: =B18 -> 11.839671
